-0.065360904	-0.120538294	0.11746891	-0.050227124	-0.04516531	-0.12656759	-0.038194664	0.073110804	0.09195576	0.010781491	-0.13388707	-0.04786742	0.13607092	-0.11721919	0.116236195	-0.119732715	-0.019352764	0.08744215	0.030710207	0.13526906	0.051530965	0.021745745	0.11796835	0.08418265	0.062367465	-0.12949273	0.11465581	0.031749606	0.06735473	0.038753852	0.11673693	-0.060791355	0.13168712	0.123102315	-0.121962756	0.13309793	-0.034675494	0.10598641	0.06120057	0.11406685	0.012160032	-0.12915526	-0.030950537	-0.071339004	-0.09754235	-0.0942942	0.12298441	-0.08198706	-0.122501485	0.030768469	0.023293376	-0.016772522	0.12629452	-0.03359381	-0.02863804	0.06010109	-0.04401409	-0.0067297653	-0.092052855	0.07913676	-0.022860084	0.11173568	-0.010089646	-0.061347872	-0.02836434	-0.11520197	-0.113935634	-0.116746314	0.1045734	-0.02566943	-0.03733985	-0.082878105	0.013949038	0.010218607	0.036924005	0.09965657	0.061640274	0.13521527	-0.014739797	0.072690174	0.057456303	-0.0272251	-0.086078085	-0.10952822	0.13190778	0.11098472	-0.08743483	-0.028121673	-0.014013332	-0.043099802	0.091871165	0.06776957	-0.13685042	-0.014397782	0.101018414	0.12639876	0.06414347	-0.024487657	0.012904677	0.0011982229	-0.058372576	0.083606616	0.104529336	-0.026025804	-0.067819886	0.032902747	-0.09533758	-0.0843465	-0.07996848	-0.12341811	0.019802563	0.1281306	0.012741351	-0.052515157	0.10459957	0.03203058	0.01875331	0.122618265	0.022241183	-0.13299735	-0.08269666	0.07609633	-0.077781856	0.11847092	0.12231889	0.033672437	-0.01262519	0.06975555	0.09388638	0.04929278	0.13088918	0.11450083	0.018916065	-0.050475303	0.089084774	0.03584167	-0.0031046707	0.012034534	-0.1236295	-0.039238498	-0.041289996	-0.08522718	0.027033575	-0.09746873	0.03076712	-0.10127382	0.06118086	0.11492553	-0.11752246	0.112521544	-0.026653303	0.009095098	0.007428378	-0.05779097	-0.06251563	0.105781816	0.1227878	0.034245584	0.020134583	-0.11879566	-0.066971555	0.1367979	-0.05235886	0.06394827	-0.028448842	0.08782606	-0.06957297	-0.104279704	0.06721159	0.07818183	0.036527216	0.07680733	-0.117681265	-0.06181729	0.12315377	0.052593064	0.11604955	0.014623385	-0.09936803	-0.044150725	0.0627296	-0.038833387	-0.022559954	-0.10745937	0.10240013	0.06434555	0.09217166	-0.10397684	0.11518439	-0.020546556	0.098482184	0.008792662	-0.124359995	-0.00027083614	0.11805356	0.11790836	0.0110362535	0.011550758	-0.023844028	-0.06565019	-0.054889843	-0.12354849	-0.12818576	-0.12805109	-0.020448664	-0.10219872	-0.11092749	0.009312059	0.0016079799	-0.0061544315	-0.07589891	-0.13542688	0.10401388	0.02677685	-0.020220745	-0.035105076	-0.073719226	-0.13532978	-0.1161633	0.13482948	-0.0058730873	-0.068316855	0.010119841	0.020789798	-0.08723056	0.016647166	0.11510439	0.040577654	0.05539196	0.0026442148	-0.042228084	0.13428827	-0.07853961	0.10220854	0.05073677	0.09035513	-0.12971295	0.040364128	-0.07228214	0.0039361008	-0.034991983	-0.006382527	-0.021181343	0.02703414	-0.010228306	0.059318468	0.017408967	0.06803664	0.055827066	-0.080658555	0.07585425	0.11220731	0.045292642	0.11999205	0.10204622	0.060384285	0.06193388	0.014771496	-0.06478495	-0.016466625	-0.09467389	0.08577596	-0.09431901	-0.07043109	0.056601766	-0.12389602	-0.09520638	-0.004472919	-0.031405	0.053588334	-0.012949239	0.0083650565	-0.13358831	0.08483027	0.058068134	-0.049553342	-0.04861298	-0.041952875	-0.13179955	-0.07796817	0.015735827	0.052531485	-0.030928252	0.043805398	-0.010676975	-0.09286575	-0.000995874	0.010395226	-0.04323136	0.12199736	0.067566775	-0.096297085	0.039053787	0.049980875	0.03926917	0.042663373	0.021170441	0.13740332	0.1362767	-0.05908555
0.06836251	0.029074235	0.009357896	-0.07515654	0.07968393	-0.11614104	-0.05991895	-0.024887599	-0.058849003	-0.10068036	-0.071594305	-0.037094645	0.13254616	0.039754674	0.13089918	-0.016335929	0.105547026	-0.078365974	0.031875335	-0.008825667	0.1274849	-0.02953824	-0.054586906	0.1315451	-0.1124876	0.06650559	0.12047777	0.047934204	0.114961	-0.12935455	-0.005911048	0.06581497	-0.03902549	-0.02472128	-0.121358916	-0.084626086	0.11891134	-0.027141087	0.045980968	0.085264444	0.10848044	-0.04587863	0.12436555	0.04116612	-0.025604505	-0.06538972	0.10747313	-0.10245771	-0.020435395	-0.0122507885	0.03590313	-0.041575827	-0.062458724	-0.055140328	0.008268038	0.11639373	-0.075231865	-0.09978589	-0.1252859	-0.080819	-0.10272488	-0.0048341234	-0.04324103	0.13442644	0.07135253	0.0035878583	0.069092825	-0.03853852	-0.093895875	-0.026790032	0.13228975	0.10881266	-0.06799399	0.06901317	0.05731632	-0.014006168	0.036245093	0.04880289	0.016405504	-0.055045906	0.030214366	-0.025918458	-0.013975653	-0.008516298	-0.005349678	-0.06972562	-0.040446647	-0.07835645	-0.07300749	0.058707055	0.08692051	0.11206913	0.10141974	-0.042476848	0.12529351	-0.06405599	-0.069088966	-0.10431128	-0.060021203	-0.1199563	0.004494579	-0.0046922783	-0.06292025	0.06008777	-0.011597664	0.09318776	-0.02700287	0.07848559	0.12418599	-0.019565878	0.062282454	-0.035689514	-0.12134603	-0.07285857	0.12341378	0.059129763	0.029238587	0.043323077	-0.029900441	0.11093521	0.06443348	0.0771156	0.04261592	0.107884794	0.079778954	0.024725907	-0.116691954	0.13185783	0.099170156	0.06423954	-0.08405208	-0.01081587	0.006599271	0.11123164	-0.059981342	-0.09463279	0.06312066	-0.095690675	-0.13433619	0.12342643	0.0040327595	0.1104569	0.10028108	-0.07952394	-0.10628205	-0.07306633	0.024771802	-0.072255574	0.11676155	-0.030204762	0.028410602	0.08854073	0.08452403	-0.114030175	-0.0378811	0.06894187	-0.06779419	-0.13733782	0.06158996	-0.020420238	-0.042330626	0.011617741	0.093965486	0.048551016	0.06996331	-0.010329302	-0.088313244	-0.057458267	0.022996696	-0.0030621686	0.050055306	-0.051672973	-0.08342677	0.06430402	0.08296437	0.029146375	-0.09194981	-0.019656459	-0.04904957	0.015345878	-0.08070487	0.025291096	-0.010072275	-0.025549792	-0.12393518	-0.003168958	0.054336186	-0.03888108	-0.05030736	0.071558155	-0.1022411	-0.10467189	-0.13109136	-0.07990808	0.117545485	-0.12933345	-0.098424606	-0.034968536	0.13396552	0.051502973	-0.104971044	0.0061309813	-0.011137778	-0.03171385	0.08960874	-0.044336427	0.07506396	-0.10392687	-0.10056872	0.01869238	-0.008596557	0.033328585	0.038680214	-0.04628921	0.018662866	0.0029308067	0.12743042	0.0029281718	-0.043043446	0.020443724	-0.03658595	0.10288902	-0.0635864	-0.015762523	0.05860889	-0.1162766	0.08662379	0.1338518	-0.117786445	-0.13608207	0.1100912	-0.12465735	-0.12970126	0.013742138	-0.0010320676	0.06471441	0.091486335	0.01388901	0.08236975	-0.010107475	-0.04003679	-0.122265846	-0.05370016	0.064758554	0.10553913	0.02039993	0.12932707	0.03083262	0.004194174	-0.06732442	-0.105509885	-0.04111434	0.09202876	-0.10542895	-0.0018815023	-0.08641753	0.007139792	0.079315074	-0.085866675	-0.037803993	-0.10816622	0.01011278	0.0135132	-0.13161872	0.063202254	0.073870584	-0.013964939	0.060193997	-0.08754979	0.12571384	-0.07163305	0.1104733	-0.132903	-0.106080934	0.11062885	-0.13155656	0.13460292	-0.098839834	-0.011837844	-0.13176884	-0.13038708	0.031246023	-0.087159276	0.123691626	0.08964154	0.030996809	-0.04500915	0.014591434	-0.026944205	-0.052789554	0.12496918	0.066792004	0.013474402	-0.1208071	0.12020971	0.015764078	-0.021440376	-0.032016788	0.01153247	0.0349195
-0.10941842	-0.10624635	-0.024238033	-0.11689196	0.022823764	-0.051040187	-0.07609495	0.13435195	0.023574367	0.0862155	-0.13410333	0.10108565	0.12751088	-0.07197994	-0.07139737	-0.124027476	-0.0041068406	-0.11331559	-0.08668143	-0.075655065	-0.03912915	0.006942377	-0.066847414	-0.029061493	-0.10515368	0.022979237	-0.058009397	-0.03186404	-0.06143586	0.1186477	0.026432384	0.12148735	0.051035237	-0.08545987	0.110751934	-0.11096091	-0.04205336	0.10291191	-0.10684476	0.12618957	0.033384632	0.07309273	-0.13426337	-0.11335741	-0.056876063	0.12257251	-0.009085353	-0.07743439	-0.13331254	-0.061468102	0.08921028	0.08072663	-0.11557379	0.08801956	0.07267177	0.06358642	-0.12105906	0.13496175	-0.106386684	0.07518981	-0.041831233	-0.08347601	-0.04720085	-0.0402611	-0.06899282	-0.11131083	0.07398291	-0.049732488	-0.044673838	0.042677253	0.02854775	0.08675468	0.05381429	0.049641673	-0.09697852	-0.023142109	0.013623223	0.034957863	0.022878533	0.10366655	0.05073133	-0.102677785	0.09944845	0.029691199	0.08745005	0.12791942	0.13158979	-0.048866	0.060829926	-0.11755415	-0.071326986	-0.035407957	0.12669383	-0.08869376	0.016979331	0.061856054	0.015706364	-0.095711395	-0.10604486	0.047726333	-0.086272694	0.06525883	-0.066502355	-0.13625559	-0.09035333	-0.05047363	-0.12556206	0.11822124	0.0963803	0.018107401	-0.0031385208	0.074025646	0.046394195	0.10154568	0.041166663	0.038538657	-0.098225854	-0.05301712	0.0894903	-0.059371237	0.065022625	-0.099823825	0.010716308	0.011850201	-0.015507808	0.06992452	0.13063394	0.07307348	-0.06303622	-0.09101527	-0.13108361	0.019006796	0.078946814	0.08360761	-0.0811914	0.008916401	-0.06868291	0.061489254	-0.013023127	0.01286603	0.07734951	0.074897826	-0.11178448	-0.07330972	-0.090437986	0.004401745	0.084334604	0.040327337	0.095643565	0.002675379	0.013197551	-0.07765211	-0.06551742	-0.083178714	-0.121312335	0.08002145	-0.048964296	-0.013911042	-0.11103132	-0.09696322	0.015062069	0.051145315	0.028050976	0.0066968044	-0.0069150855	0.06291478	0.08725203	0.04635831	-0.031891715	-0.01775396	0.07817325	0.11455672	0.047733925	0.031505946	0.09434554	-0.10580308	0.06774694	0.050546817	0.060093407	-0.087743156	0.072528526	-0.07386041	-0.07511773	0.11790051	0.037278276	-0.078576475	-0.06534503	-0.0964007	0.0022530335	-0.03338766	-0.09014714	0.041867692	-0.05876783	-0.0060094064	-0.11727384	-0.11736956	0.07320606	-0.04217151	-0.1025593	-0.09132099	-0.095358625	-0.03882296	0.029841488	0.12032823	-0.025308654	0.114878945	-0.0016823753	-0.118974306	-0.03594061	0.027148353	-0.044092044	0.08924084	-0.016101494	-0.07346189	0.021169072	0.09409208	0.12189882	0.05725138	-0.06507272	0.0475259	-0.06417099	-0.050276496	-0.09931537	-0.107029885	-0.09491994	-0.08874531	-0.058110278	0.08319499	0.016888695	-0.10909089	0.123014726	-0.004922486	-0.08206135	-0.04761587	0.02411501	0.09834579	0.10853673	-0.07438282	0.07230226	-0.0038365389	0.07847952	0.0709713	0.008179339	-0.0049087647	-0.04462705	0.10361056	-0.06670071	-0.005191146	-0.11313778	-0.039002914	0.015696757	-0.059902668	-0.09954268	-0.025842026	-0.12749103	-0.07590126	0.097505264	-0.11057731	0.016564112	0.030914897	0.09251679	-0.022133274	-0.05199154	0.12036792	0.07163898	-0.027205586	0.09256492	0.13366564	-0.09645727	0.07319436	-0.03069877	-0.066808	0.040944003	-0.13627368	-0.11731603	-0.11271092	-0.11783432	-0.03990193	-0.014864521	-0.11262991	-0.07107506	0.108580336	-0.10117151	-0.07194094	-0.022158071	0.05318971	-0.02925162	-0.007536335	-0.010411118	-0.029468546	0.032097388	-0.020202775	-0.0068418966	-0.09277859	0.055498347	0.05681399	0.06898569	0.05673639	-0.13541128	-0.12133602
0.005181349	0.021998754	-0.008542229	-0.054648787	0.092492715	0.013489715	0.044576332	0.13320993	0.05742836	-0.014791221	-0.110312104	-0.08759511	-0.023624545	0.030517947	0.048437636	-0.04573156	-0.1208507	-0.09419538	-0.050948206	-0.060629144	0.008222516	-0.11508138	0.12998502	-0.1310187	0.030372279	0.0440977	0.1261926	-0.023584496	-0.06361413	0.11065964	0.11572456	-0.03775243	-0.01902677	0.11157287	0.02636246	0.1057878	-0.12485004	-0.04832858	0.032840792	-0.07778191	0.11160287	0.1359335	0.115394056	0.03195902	0.047273226	0.020088369	0.052989285	0.049177054	-0.0643992	0.09106018	0.12204322	-0.0013723368	-0.05462044	-0.094927095	0.029850481	-0.13459589	-0.106415346	0.08279671	0.080230385	0.090089865	-0.04990593	-0.11024398	0.085562915	-0.11530111	0.04158345	-0.010225616	-0.114460915	-0.010663539	-0.09312769	-0.11987008	-0.05939619	-0.08034759	-0.011184622	-0.02816724	0.10286063	-0.1265037	0.11059183	-0.05621645	-0.025456212	0.07487287	-0.04970933	-0.011935171	0.07789111	0.032954816	0.12244347	0.10314784	-0.11944785	-0.082703866	0.06212402	-0.021302085	0.12587307	0.016072718	-0.12822986	-0.07958418	-0.12059131	-0.121189944	-0.055104468	0.0035955654	-0.079522565	0.10501717	-0.022516599	-0.025818711	-0.009623722	-0.029066097	0.037664037	-0.036691297	-0.03550824	-0.00035526213	0.07574034	0.11750509	-0.10352773	-0.0054226965	0.08670691	0.07620049	0.09788429	0.07419815	0.018318756	-0.030586265	0.0984627	0.049331404	0.0014317373	0.017622096	-0.07613801	0.087727726	-0.12001478	-0.0073263734	0.13367447	0.05322621	-0.082064815	0.046215754	0.12480179	0.08881594	-0.10065102	-0.03501894	-0.08634205	-0.023866145	-0.09292832	0.057638995	0.10912807	-0.028376654	0.04780251	0.085050754	-0.080434516	-0.0057094404	0.10865031	0.12126109	-0.03878386	-0.021856753	0.12948528	-0.058852408	0.038124204	0.10551757	-0.10895206	0.10911404	0.09810328	0.034372583	-0.0753113	0.029405423	0.012166391	0.0646389	0.025895022	-0.027708668	-0.036474526	0.0076748794	0.049996123	-0.095734015	0.12986138	0.11237725	0.066479065	-0.01999986	0.08037191	-0.069780946	0.019878285	0.01979067	0.09506263	-0.0992845	-0.06300364	-0.06307604	0.024986768	-0.082207374	-0.034904346	0.07632578	-0.07776528	0.09789327	-0.069737464	0.024617987	-0.00962133	-0.07519453	-0.04571241	-0.08305489	0.069768235	-0.0032942074	0.088312484	0.070355535	-0.027299898	-0.0021561277	-0.13042468	0.12047743	-0.09408625	-0.011741256	-0.10093221	0.074877426	0.11896299	0.017829103	-0.056759994	0.04554151	0.11102793	0.11376583	0.010537179	-0.011570014	0.06871073	-0.02283205	-0.044943586	0.09894372	-0.050639696	0.13001733	0.10509864	0.08792813	-0.12205169	0.12066058	0.020546326	0.040831	-0.038856655	0.05546337	0.004693644	0.068005376	0.014437019	0.1333936	0.082318805	0.064277604	0.0071265916	-0.11872127	-0.049978495	-0.058976494	-0.053878006	-0.04988608	-0.021431094	-0.069695376	0.102965266	-0.055759806	0.06555192	0.09528085	0.0072788103	-0.0014936315	-0.06977462	0.06559063	0.040272046	-0.06159389	0.04304741	-0.119632	0.042312022	-0.0884688	0.059627924	-0.07399966	0.06945099	-0.12117647	-0.039571997	0.0892376	0.032692533	0.05549834	-0.05769179	-0.06929597	0.09309814	0.13113476	-0.06926361	-0.10936473	-0.074899815	0.1161632	0.10654266	-0.095238894	0.09877851	0.11712882	-0.06112673	0.053569864	0.08214071	0.023218395	0.0366827	0.0030489748	0.0898964	-0.014648707	0.13097693	0.06995799	0.10334181	0.07555312	-0.057390846	0.12484517	0.085134916	0.06262286	0.06680615	0.024133276	0.118308336	0.015417002	0.0002786016	0.11802866	-0.07642913	-0.01894472	-0.122594364	0.033228926	0.123522446	0.11802793
-0.029701162	-0.0018382577	-0.005855065	0.09420099	0.093125895	-0.07457564	0.13051413	0.07808875	0.01630197	-0.07032093	-0.0032004972	-0.029423581	-0.10071729	0.07266837	-0.022429692	-0.044553347	-0.079007655	0.044253822	-0.060787756	-0.091710985	-0.03709195	-0.101703435	0.09972149	0.05819021	0.012446075	0.08696762	-0.005139563	0.124243	0.12170064	-0.12261043	0.080590956	-0.031623535	0.01593872	0.10858201	0.09827871	-0.05315278	-0.0059700278	-0.07955801	0.030724263	0.053185858	-0.04691655	0.033565048	-0.0032813146	-0.048766274	-0.09710087	-0.13552469	-0.076693945	0.08266593	-0.0147139765	0.016807802	-0.09373636	0.040277027	-0.06799109	-0.11674427	0.08304854	0.08414965	0.04370441	0.016976418	0.101547435	-0.021550737	0.038673352	0.12315241	-0.11873209	-0.025112327	0.04143333	0.13363875	-0.07357258	-0.04688491	0.07162392	-0.042344514	-0.06728318	-0.058144458	-0.09337393	-0.1115063	0.020241063	-0.07909726	-0.107041575	0.11960374	-0.031944774	-0.12644671	-0.12939796	0.08013949	0.06334945	-0.1292988	-0.11445429	0.0030394811	0.017574478	-0.13158607	-0.12162585	-0.09358025	0.08786662	-0.06285539	-0.07894299	-0.043672603	-0.10148759	0.057873916	-0.039255995	-0.06557251	-0.0099834455	0.016280241	-0.074634746	0.13006671	-0.011602956	0.059817992	-0.0074945996	-0.10246242	0.07381335	0.044911068	-0.12237079	-0.08256193	0.11873958	0.052195624	-0.07980305	0.04009592	-0.13316853	-0.08126039	-0.058442242	0.09827253	-0.08496623	0.05747447	-0.006425008	0.09982384	0.12905769	-0.013608544	0.115615964	0.025510296	-0.11414665	-0.054751866	-0.100657046	0.05019148	0.070760064	-0.015083373	0.036903095	-0.11412956	-0.012214266	0.11117265	-0.09409904	-0.0035769946	0.077590756	-0.0431542	0.1020016	0.068921365	-0.1036286	0.13642977	0.020814506	-0.01060338	-0.093835525	0.1313199	0.12202838	-0.0933061	-0.1259191	0.030266646	0.1257435	0.07195408	0.07268914	-0.07624202	-0.07139553	0.08383755	0.10261732	0.03898849	0.056965727	0.008017538	-0.040785424	-0.07444616	0.10585364	0.015214331	0.12535983	0.13515916	0.050115954	-0.12346594	0.100832716	-0.06519792	-0.08707348	0.046425935	-0.108903475	-0.049950067	-0.12630351	0.08268116	-0.046630014	0.04928045	0.028576495	-0.07986762	0.05528478	0.005224411	-0.11541587	0.08701478	0.10494593	-0.13481669	-0.08917785	0.12868014	-0.012829469	0.022525031	0.053465527	-0.08611042	0.060716014	0.060714018	0.12606646	-0.06435825	-0.12652469	0.049926907	-0.010631035	0.06203952	-0.03351695	-0.091562234	-0.0898045	-0.11291855	0.061783038	-0.026092011	-0.13418849	0.13076825	0.04287604	0.0013182577	0.059083063	0.085413866	-0.09424313	-0.01268356	-0.05569541	0.09704587	-0.05647136	0.09783564	-0.055701707	0.12068751	-0.12095216	0.06304703	0.114700735	0.10891219	0.019166645	-0.018700395	0.03381224	-0.10208275	0.0440066	-0.07902889	-0.075224936	-0.10305937	-0.12373938	-0.032376073	-0.0036575918	0.13613282	0.13309175	0.11517379	0.034774583	0.06488737	0.0419232	0.09238329	-0.061694667	0.03766922	0.103561476	0.12483415	-0.10654278	0.046873942	-0.07270744	-0.08046572	-0.03657762	-0.044897567	0.06501154	-0.13581994	0.019613817	-0.10085053	-0.043396715	0.111058064	-0.101675086	0.0575357	-0.07121966	0.008235297	-0.05168197	-0.023074772	-0.031276703	-0.12505496	0.12851563	0.111118674	0.058478583	-0.10332874	-0.08951491	0.031102678	0.09426015	-0.09321645	0.0469941	0.028456384	-0.124161206	-0.10510143	-0.10317412	-0.013093707	0.012834491	0.10635307	0.09522728	0.06648759	-0.001484191	0.051210575	-0.08488121	0.006434303	-0.06112366	-0.07032317	-0.08872105	-0.035528213	0.11179703	-0.04818277	-0.07440283	-0.015551306	0.10242624	0.014053402
-0.11259392	-0.12958165	-0.104252815	0.020413492	0.027241556	-0.10288395	0.11245326	-0.074751385	0.066534415	-0.04634705	0.13295726	-0.057200383	-0.007847505	-0.03616658	-0.014321711	-0.093585595	0.030712869	0.0327056	0.12901956	0.06936139	-0.040196326	0.10000763	0.069334306	-0.026036495	-0.026867652	0.12226062	-0.10328107	0.13434325	-0.09820037	0.12673075	0.07678437	-0.0915148	-0.10192547	-0.093496665	-0.065848604	-0.11656215	-0.018200433	0.12891378	-0.07890504	-0.13022791	0.0064837253	0.12933865	-0.11228362	-0.051082894	0.124600686	0.12814175	0.05843809	-0.08752612	0.02215797	0.10892862	-0.033001505	-0.052512277	-0.0044527617	0.1350536	-0.005696062	-0.07507783	-0.04373272	0.09323366	0.103368774	-0.02133468	0.10178396	-0.055373523	-0.06796132	0.13501596	-0.083996475	0.061571345	0.06647446	0.055431116	0.03786006	0.07775909	0.040995315	-0.02358162	-0.109408095	-0.077609204	0.11596525	0.07606315	-0.03680169	-0.059409995	0.12340759	0.04548848	-0.10178347	0.02695852	0.04753641	-0.090327576	0.10988745	-0.026133161	0.1137659	-0.12459545	-0.11447379	0.030733697	0.086158395	0.017430576	-0.031305283	0.12319792	0.078234285	-4.8858175e-05	0.13649206	0.0024473593	-0.09924	-0.038604308	0.13039277	-0.08195399	-0.015280289	-0.09718434	0.068645015	-0.08951779	0.13239023	-0.011005864	0.12379718	-0.054862775	-0.13096114	-0.09807594	0.13092595	-0.12536535	-0.017871588	-0.0045244033	0.06425957	0.09340658	0.033451945	0.01416573	0.058523867	0.12704854	0.00957297	0.12705068	0.04763718	0.108028695	-0.08067751	-0.05262094	0.031998437	-0.048363328	-0.06194805	0.057336878	-0.09390124	0.1264164	-0.034623865	0.09363375	0.029559804	-0.09287532	-0.013971327	-0.053986073	0.11206948	-0.13340355	-0.112432346	-0.113515675	0.12118342	-0.12767398	0.03331999	0.11889625	0.019852035	-0.1181701	0.03703092	0.0676308	-0.07562699	-0.03897916	0.1173392	-0.01831603	0.02670774	0.08692594	0.099733494	0.05094225	0.06854905	-0.048849605	-0.08355149	0.12089793	-0.004634263	-0.13387313	-0.061853193	0.096580856	0.08951712	0.03610472	-0.11310232	0.1085997	0.044869743	0.13136414	-0.12641522	0.08279834	-0.026088499	0.04593077	0.027864438	0.064040266	0.08723376	-0.011939691	0.11259219	-0.051133543	-0.107761815	-0.05000959	0.04848643	0.07000889	0.11268998	0.028152723	-0.07395013	0.067323364	-0.13392466	0.115608804	0.095964335	0.051091205	0.022605626	0.105922334	0.0833343	0.033902366	0.093544565	0.09785554	-0.12496883	0.1286079	-0.021084642	0.11985709	-0.042023562	-0.10503779	-0.11651765	0.06282589	-0.026276523	-0.10711252	0.111169204	0.0837622	-0.086334765	0.129017	0.017415963	-0.09988859	-0.017079288	-0.10838426	0.07408235	0.045962997	-0.012196373	0.0012665584	-0.036643133	-0.05893645	-0.021636872	0.06286777	-0.090930186	-0.07262633	0.058259636	-0.09075414	0.025731834	0.115104586	-0.016398517	0.054545965	0.022803565	0.13717176	0.0103158085	-0.11953398	-0.09597582	-0.03743168	0.12896584	0.09904543	0.0670056	-0.10142701	-0.09313656	0.048236914	-0.075804204	-0.006644231	0.10395601	-0.0722043	-0.118082285	-0.09494028	0.08622256	-3.7916227e-05	0.0907706	0.042880632	-0.0076740566	-0.028220303	0.10847377	-0.12918565	-0.08157533	-0.08488478	0.08215618	-0.05219378	0.041380785	0.06293807	-0.099697374	-0.10490299	-0.13557115	-0.12635557	0.05301017	0.12312841	-0.11649585	-0.06378971	0.10568704	-0.08624926	-0.099792704	-0.036312953	0.019621413	-0.10801627	0.022457037	-0.1286661	-0.06331589	0.07811305	0.056778297	-0.08021231	-0.012450239	0.09117917	-0.05247962	-0.03005168	-0.09313473	0.08271862	-0.11264634	0.015512654	0.017701112	-0.08698573	0.071799345	-0.09960687
0.045566726	-0.026450578	0.0668754	0.08410098	0.006398143	0.03537568	0.045542605	-0.12770852	-0.123636425	-0.06629908	0.0400415	-0.08813346	0.06415117	0.11521562	-0.011678315	-0.06580834	0.0732634	0.032827225	0.09394551	0.014902167	-0.046203036	0.07988172	0.11305499	0.03050459	-0.08140306	-0.102951884	-0.0018830247	0.08845196	-0.1054038	-0.068491526	0.05635181	0.030537585	-0.0703436	0.08595816	0.025924787	-0.023559475	-0.00876498	0.13087228	-0.06856918	-0.088078074	0.10330231	-0.038469557	0.009180745	-0.09064695	0.017016787	0.10246668	0.09784199	0.08600298	0.074668646	-0.12879285	-0.09080015	-0.00025915183	-0.08927558	-0.01415779	-0.072045	-0.0012323996	0.08999978	-0.06470299	-0.040672597	-0.08186637	-0.04499359	-0.06400492	0.094640024	0.13016984	-0.08492296	-0.13134629	-0.027504	-0.08342714	-0.1300068	-0.029238388	-0.068302654	-0.09387238	-0.0042853784	-0.03551183	0.027201151	0.09199126	0.05549393	-0.044863027	0.07830194	0.03227327	-0.055805013	0.10606266	0.103916265	-0.045670256	-0.08466108	0.03988258	0.12846635	-0.013580557	-0.05820595	0.09369106	0.046798132	-0.015617368	0.03125317	0.018914305	-0.030138988	-0.028804854	-0.061939083	0.065088354	0.05184095	-0.11280759	-0.02076303	0.052099038	0.03837295	0.10163569	-0.07988139	-0.08120408	0.12600975	0.07555277	-0.056342985	-0.09615923	0.027226144	-0.015936155	-0.07014372	0.08152427	0.13393274	-0.08654216	0.09953491	0.06384604	-0.13454095	-0.017120868	-0.017925687	0.103432484	0.019355377	0.13213518	-0.12464333	0.09218987	0.11981664	0.10256529	0.06398616	0.09980388	0.13292834	0.0918271	0.08925774	0.006871389	-0.1295762	0.024506392	-0.0013633074	-0.12885542	0.012248955	0.01336859	-0.051331513	-0.09147413	-0.09900791	0.118400685	0.109141484	-0.11986786	-0.11233882	0.08935285	-0.1048349	-0.12995686	0.07325318	-0.039934393	0.12001489	-0.12398662	0.028457768	-0.12982208	0.037169516	-0.1359304	-0.07358431	0.022467295	-0.059624285	0.08919584	-0.036035344	-0.06200491	0.029255273	0.03670199	0.032651722	-0.12732448	0.04726594	-0.13634656	-0.11109701	-0.06635131	0.038031682	0.06914191	0.1005083	0.019310912	0.05703564	-0.07732688	0.120006755	-0.029034458	-0.12921129	-0.13685289	0.092979155	-0.032326985	-0.029733319	0.060093533	-0.04938893	-0.11692734	0.016170396	-0.12448708	0.12062399	0.034834407	0.0385593	0.122692674	-0.007503215	0.050738677	0.1367559	-0.08315689	-0.017269641	-0.058441076	-0.07660689	0.058032066	0.05292596	0.010295338	-0.050395083	-0.04507049	-0.053579655	0.12031272	-0.06956548	-0.06444928	-0.05773652	0.08419078	0.09407289	-0.0069397707	0.0067121647	0.13467146	-0.095406555	-0.048955932	-0.1309133	-0.12716702	-0.081052974	-0.06026995	0.0735649	-0.0838846	0.1322613	-0.01877295	-0.054294787	0.019737206	-0.07076661	-0.07444405	0.0064988863	-0.05736662	0.11028107	0.120688096	0.05997918	-0.11302799	-0.101856366	0.0024507376	-0.028570386	0.0946525	-0.0595263	-0.13342945	0.08985448	-0.012314499	0.08350619	-0.07211211	-0.13305885	0.023560446	-0.010552906	0.034397554	-0.03655195	0.13689452	0.042948075	0.09751165	0.014948151	0.08958622	-0.13350432	-0.12418747	-0.02238009	-0.03063214	0.015860492	0.113173835	-0.0673224	0.01640623	0.071083024	0.017314237	0.11366607	0.003191217	0.06887907	-0.04207892	-0.0020243197	0.09947109	-0.008553391	0.0022362713	-0.07349385	0.042834792	0.07022618	-0.1161188	-0.0070153833	0.004458518	-0.114348456	-0.07033996	-0.026859077	-0.069515735	-0.06289215	0.0016367354	0.13269322	0.0065066465	0.033591382	0.011720422	-0.0074430625	-0.11180175	0.002153291	-0.033519357	-0.05171561	-0.026415214	-0.12780948	-0.099643305	0.032762393	0.11020996
-0.12904555	0.003105778	0.030233001	0.11286977	-0.004165119	-0.06855877	0.12100891	0.13190593	0.121448226	-0.09402046	0.056424584	-0.040320095	0.017033137	0.08919386	-0.11236299	-0.0953221	0.059547666	-0.08793987	-0.094262436	-0.0921145	-0.030374456	0.111510135	-0.12767841	-0.040471368	0.068931356	0.13479273	0.09178067	0.10664839	-0.020214118	0.050706487	0.093930975	-0.03825405	-0.06903165	-0.097702265	0.035950143	-0.0606269	-0.093063444	-0.04486234	0.043482598	-0.13601735	0.061371252	0.0041749673	-0.10240708	-0.08386989	0.08052033	0.11278414	0.12497737	-0.045854043	0.026071036	0.08568115	0.091947116	-0.103851184	-0.092302226	0.06605321	0.0071443096	0.08099543	0.07357634	-0.11858226	0.124314435	-0.014417779	-0.11550524	-0.00018786984	-0.052960057	-0.022330139	-0.10542256	-0.10817541	-0.017810864	0.045928698	-0.03729742	0.061265375	-0.11631833	0.12495801	0.07618357	-0.03892669	0.050957784	0.05192989	0.027177198	-0.06688147	0.01971759	0.074715495	-0.12863605	0.04418778	0.13216487	0.053825516	-0.13326767	-0.10926037	0.1220944	-0.029458752	0.09186467	0.009080839	0.08775347	-0.087322205	-0.060689438	0.037694696	-0.09744098	0.051369466	-0.06728939	0.042053476	0.09625825	-0.11963719	0.08191848	-0.06955739	-0.09310971	0.105702795	-0.12427674	0.025983717	0.08133283	0.04398678	-0.12700477	0.046304043	-0.030027801	0.026003137	-0.12623471	-0.071850024	0.02435228	-0.020284416	-0.13445678	-0.123688385	-0.047771726	-0.00107054	0.07145323	0.035277687	0.1076223	-0.086772665	-0.021477712	0.08961223	0.03248299	0.11450588	0.011488997	0.106353045	-0.08826224	-0.11439286	0.12169511	0.13180012	0.016665397	0.037584737	0.03366578	0.019837989	-0.024569364	0.020417003	0.08175944	-0.04150216	0.079573415	-0.068214275	0.028870774	0.08294734	-0.016567646	0.071774535	-0.10093897	-0.038550906	0.013858423	-0.040578015	-0.061619278	0.11371484	-0.006395864	0.08240386	0.092497535	-0.011934924	-0.035149146	-0.059392434	0.13077202	0.12049102	-0.084211595	0.018153684	0.13143933	0.11706617	-0.030477555	0.004147823	0.008794456	0.042965643	0.045018613	-0.08067702	-0.1303841	0.08945399	-0.1216707	0.06942403	0.042748455	-0.12660621	0.019134715	0.015722612	-0.021207977	0.097085804	0.11870686	-0.0016936256	-0.12495697	0.009181418	0.11694099	-0.00022209802	-0.010792161	0.034346875	-0.021828216	-0.033830453	0.09272075	0.0013171383	-0.081607506	0.03062105	-0.113370225	-0.08727009	-0.09904311	0.10165643	0.03549808	0.072922036	0.033201307	-0.0821995	-0.07566949	0.10989724	0.10312198	0.051721014	-0.009253435	-0.057546128	-0.10212864	0.12026981	0.09888156	0.06525874	0.048974834	-0.06788802	-0.029550154	0.01652172	0.11328328	-0.026759043	0.028472511	0.042770714	-0.076873906	-0.010423517	0.0895504	0.080510475	0.079494566	-0.12871975	0.005346311	0.12076862	-0.10409969	-0.07150399	0.06786099	-0.0025988484	0.07100696	-0.014115156	0.074309506	-0.11526209	-0.056091923	-0.1239017	0.0366032	0.043889612	-0.030585237	-0.088536926	-0.09036196	-0.0037217678	-0.09920843	0.08751278	-0.06675124	0.066564776	-0.05788181	-0.099844515	0.10637332	0.01303767	0.13387185	-0.10865394	-0.09588221	0.09236609	0.075525396	-0.02220566	-0.0076282364	0.075899996	0.12996034	0.06858272	0.03356489	0.075344585	0.13628696	-0.059822384	-0.049414627	-0.10503449	0.10260646	-0.12111466	-0.08759754	0.08082774	-0.09052877	-0.032092486	0.014528736	-0.04190593	-0.017814998	0.117195934	0.056020956	0.110667974	0.062073253	-0.113648444	-0.12102034	0.09319123	-0.05663259	-0.114549786	0.0042979703	0.092920974	-0.08554299	0.07882302	0.04470733	0.079621434	0.03253221	0.092645615	-0.076842465	0.10377692	-0.038183495	-0.0998867
0.046164624	-0.093287796	-0.030647231	0.041203033	0.07495545	0.10073794	0.029743556	-0.01909528	0.07427281	0.0034545527	0.01916268	0.006790071	0.0722644	0.036388896	0.07573381	0.083087005	-0.021463899	0.050609075	0.0013323814	0.06088336	0.118678205	0.014372429	0.045370158	0.052881718	-0.028830396	0.0008656468	-0.05379715	-0.03184684	0.10651077	0.11109723	-0.020279227	0.11928338	-0.11670645	0.0045403237	-0.1302478	0.08609393	0.13303454	-0.12015949	-0.12837546	-0.107968725	0.106610514	-0.027393905	-0.04289046	-0.116983645	-0.055991374	0.09365901	0.10770641	0.0729163	0.07238182	0.0952578	0.115598515	0.023546001	0.025925528	0.031817243	-0.032864865	-0.026094995	-0.10146178	-0.07496105	0.09193903	-0.00044457952	0.016639855	-0.1282448	-0.024023132	0.099157356	-0.06513269	0.011513293	0.022363972	0.09352212	-0.028969048	-0.02957757	0.028694373	-0.13425608	-0.09493325	-0.03280304	0.120867975	-0.11881966	-0.04812955	-0.024516603	-0.033911403	0.034297872	0.09059209	-0.0533899	0.02211442	0.060864605	0.12461623	0.013324538	0.13677225	0.091748536	-0.07955829	0.07770592	0.024817288	0.034017827	0.13217622	-0.028601905	-0.11305149	-0.09810597	0.08159484	-0.058775704	-0.069485635	-0.08978208	-0.04049688	0.13602214	-0.01350457	0.026201427	0.012634472	0.021665385	-0.037610825	0.084497005	0.058567867	-0.10734281	-0.013946569	0.03634309	-0.13189477	-0.06463835	0.089903235	-0.041345745	-0.08768351	0.04602208	0.027109407	0.07921892	0.10242483	-0.084174834	0.047918823	-0.027574752	0.022333266	0.006502303	0.07706393	0.10302106	-0.01260132	0.012094105	-0.03499003	-0.11683414	-0.0138144065	-0.06777925	-0.07869644	-0.08733073	-0.12480138	0.090160914	-0.073225476	0.052800294	0.094402574	0.08887524	-0.083355434	0.10456363	-0.045986973	0.028063627	0.07292997	0.02220357	0.0891784	-0.09694404	-0.12355058	0.10273878	-0.02116069	0.026661703	0.091018535	-0.12240052	0.1218587	-0.07904067	0.038265817	-0.12169007	-0.043080796	-0.052913327	-0.0033276612	0.1083026	-0.1312559	0.120235674	0.013599879	-0.065262415	-0.12776455	0.13367389	-0.09848492	-0.07145416	0.03763975	0.046755627	-0.003826522	-0.046889093	0.10908935	0.016910052	-0.025021017	0.01621681	-0.09086771	-0.002296532	-0.04408294	-0.085698366	-0.08405939	-0.12545927	0.11302072	0.10418888	-0.110180624	0.020298643	-0.045708917	-0.057595585	0.12568009	-0.117020644	0.03578209	0.10034446	-0.014868896	-0.12372987	-0.09145225	-0.054647077	0.10894499	0.056304995	0.05601082	0.12031942	-0.11761265	-0.10987448	-0.12229941	-0.03269169	-0.07540846	0.041924927	0.009034537	0.11017857	0.036794536	0.003581122	0.056045536	-0.01966423	-0.099114895	0.13300027	-0.011743416	0.0064576734	-0.13471434	-0.05379432	-0.033315554	0.13203089	0.057293613	0.033013612	-0.004620693	0.10115817	0.04059519	0.08686855	0.08274534	-0.04524259	-0.1167812	0.02426423	0.026755977	0.13706371	-0.06701574	0.1232369	0.1254689	0.13309759	-0.018935693	0.077447586	-0.10157621	0.0838807	0.07180933	0.028314577	0.13445905	-0.13192824	-0.11127305	0.09153321	-0.026299028	0.046219453	-0.1106287	0.06269791	0.075504884	0.11847669	0.13703622	0.032430176	0.05846961	-0.04633944	0.09225567	-0.06102409	0.045523547	0.08948923	-0.0016689892	0.13012356	-0.09525092	0.04660294	-0.011335396	0.102370605	0.114306584	-0.016086712	-0.026142817	-0.12300469	-0.104857095	0.081356324	0.046750303	-0.08371926	-0.115998484	0.081127375	-0.06322554	0.12696368	0.123294935	0.045493234	-0.0513833	0.09587402	0.11619333	0.048282556	0.1143572	-0.095662296	0.11791207	-0.11225968	-0.12918305	0.012242238	-0.07719954	-0.10638531	0.018308967	-0.047544394	-0.12801036	-0.024987826
-0.04522803	-0.054898325	-0.053595334	0.011563336	0.12653339	0.009536181	-0.00785424	-0.08283473	-0.10070414	-0.111364685	-0.0255139	-0.097762115	-0.04096009	-0.077306874	-0.11128076	-0.014507912	-0.010956771	-0.09358596	-0.09927001	0.07677655	0.04463499	-0.009130897	-0.11458509	0.051448055	-0.07840048	0.10402811	0.13512819	-0.016116055	-0.059854276	-0.10929589	0.13688515	0.075897336	0.075893536	-0.005320809	-0.006414278	0.024357157	0.093307234	0.063496694	0.030688556	0.03726023	-0.010484978	-0.05971793	0.077435516	-0.028099414	0.060910136	0.124035	0.10828487	0.12891285	-0.09001117	0.017254794	0.09638674	0.02939961	-0.007819295	0.016555203	0.11693511	-0.054854646	0.040709987	0.08675965	-0.039899625	0.09725126	-0.057526782	-0.0658715	-0.109554544	-0.050570272	-0.11975596	-0.09519756	-0.12977491	-0.008009215	0.034000617	0.050872296	0.09921015	0.102758944	0.11953838	0.01517607	-0.0075968164	-0.114421144	-0.13368598	-0.016487556	-0.02635044	0.0611161	0.10611601	-0.11772069	-0.116017625	0.12480767	-0.06455182	-0.016095107	-0.03575663	-0.081080005	-0.13640632	-0.13405235	-0.09924241	0.09404771	0.04602742	0.089331806	0.007127874	0.10871637	0.11452623	-0.036896054	0.07977242	-0.048875798	-0.07240118	-0.035611123	-0.04236816	0.05650259	0.11886302	0.12864506	0.055683065	-0.0576993	0.051007673	-0.13410543	-0.009021696	0.0041530277	0.08794575	0.119686514	0.09969047	0.12450087	0.10155891	0.1297872	-0.032750998	-0.12088975	0.033831667	-0.02608232	0.012469221	0.13380973	-0.07990427	-0.037042215	0.054511257	-0.12711905	0.061136868	0.05116869	0.03060818	0.035843313	0.09735328	0.070409134	0.054700796	0.0016794626	0.13514836	0.059105035	0.041248295	0.08251992	0.049170278	-0.081994526	0.058609046	0.042572595	0.09044303	-0.11477456	0.052782334	-0.048154544	-0.11304586	-0.0027021107	-0.010111876	-0.06276767	-0.02509434	0.12183909	0.12583318	-0.07783517	-0.09885292	0.070334695	0.021387905	0.07340331	-0.1258293	0.033327572	-0.09452193	0.010750916	0.08643883	-0.008253621	-0.005232149	-0.07998983	0.054683574	-0.09174459	-0.051558018	-0.005429118	0.059615415	-0.12596145	-0.017245278	0.039386444	0.101424	-0.11625292	0.102134146	0.088179156	0.10709659	0.12548748	0.044664714	-0.019364577	-0.04104202	0.025830079	-0.07949701	0.07426248	-0.0003101775	0.052950785	0.050645296	0.10475707	-0.018679459	0.01394121	0.06343002	-0.05828621	0.027003912	-0.011897248	0.004959145	-0.13710736	0.11925824	-0.11143719	-0.056017544	0.010335802	-0.0004631401	0.12961744	0.061325017	-0.0052596745	0.0075204885	0.03687294	0.08494978	0.11540425	-0.0654365	-0.06852353	-0.13599788	-0.09470739	-0.016968967	-0.036143415	-0.11049551	0.031486504	-0.04764019	0.060280934	0.13028555	0.10213454	0.1328463	0.04651319	-0.017226452	0.05193129	-0.10451474	-0.10253346	0.12661774	0.040506035	-0.12633416	0.068450525	-0.104849316	0.002416134	-0.039963316	0.05824659	-0.025546432	-0.07848177	-0.014167771	0.099559456	-0.025065621	0.012473792	0.11296903	-0.025256654	0.13079914	-0.022744216	-0.059683733	-0.1271635	0.06616396	-0.123935096	-0.12402295	-0.07207761	0.035595376	0.041431516	0.055347253	-0.1199183	0.07644431	-0.074933514	-0.056586355	-0.08068849	0.0920413	0.10603559	0.120310634	-0.065700226	0.040654432	0.13458343	-0.060523033	-0.07767218	-0.12436046	-0.04644405	-0.013250174	0.018060483	0.038343523	-0.13431022	0.098252706	-0.10195417	-0.100164756	-0.085059404	0.084040485	0.057116784	-0.03126332	-0.09409605	-0.017767156	0.018876387	-0.09121022	-0.09512374	0.11475991	-0.099025585	-0.00066713535	-0.11800326	0.034058973	0.1130622	-0.04665502	0.080251336	-0.034456726	0.032207318	-0.083083294	0.03831415
-0.08553179	0.031011216	-0.003717349	-0.07816733	0.058778424	-0.08412482	-0.050533555	-0.12256912	-0.013062866	-0.09960778	0.068570696	0.06296036	-0.018611876	-0.017075337	0.016408637	0.012664331	0.0060611586	0.029530615	0.009420565	-0.1367063	0.03014289	0.00785663	0.11343914	0.12114955	-0.13193436	0.06870694	-0.050296362	-0.117505796	0.009780989	0.107049495	0.08051109	-0.10351233	0.020778932	0.016903397	0.10236165	-0.105048046	0.066030614	-0.13321806	0.09345501	0.1124493	-0.11516166	-0.12648222	0.03723497	-0.08506023	0.103143714	0.12915437	-0.12313635	0.06014039	-0.13390374	0.008200619	-0.07148125	-0.049484815	0.052930605	-0.051035248	-0.017381247	-0.1256494	0.02297847	-0.07842335	0.023495296	0.10633463	-0.043651998	0.13165952	0.017640024	0.06757828	-0.10633547	-0.09060274	-0.066694215	-0.055856526	0.016659409	0.054252453	0.012684225	0.11499619	-0.06290553	0.045330107	-0.12408659	-0.008646685	-0.07229934	0.05662499	0.0103544695	0.0052878917	0.121326536	0.100965284	0.06253373	0.056984164	-0.09015202	0.0037466937	-0.09644936	0.10419863	0.11083479	0.043218598	0.049273007	-0.079941586	0.057146814	0.116567984	0.11051485	0.049256094	0.010625945	-0.027985526	0.061971556	0.11021202	-0.038375143	0.079596706	0.120197095	0.04102844	-0.08361453	0.12627697	0.033395413	0.061275706	0.015300493	0.077055775	-0.027488764	0.061167542	0.13430625	-0.024343297	0.049474753	-0.062424295	0.098528914	-0.0008491147	-0.0577571	0.0909561	-0.08977241	0.0065768473	0.08088967	0.120862365	0.035167523	0.016922306	0.11472813	0.007902376	-0.11575019	-0.11815694	-0.12729621	-0.11124538	-0.084624074	-0.07991918	0.120600395	-0.06739583	-0.08979723	-0.080105074	-0.11951514	0.11512465	0.040825587	0.042537652	-0.08167596	0.12523988	-0.11000365	-0.109760776	0.11535373	0.06552592	-0.06269012	-0.0617478	-0.09708864	0.04222795	0.05828119	-0.039333064	-0.06711861	-0.05528189	0.09052013	-0.08816306	-0.06803339	-0.05815384	-0.09230114	-0.016644869	0.07448842	0.10561324	-0.054477524	-0.11232311	0.08527374	-0.12425244	0.07213879	0.10461608	0.112680204	0.0060562976	0.09676452	0.10471967	0.12763798	0.06747294	0.09735442	0.051356427	0.07639386	-0.110928155	-0.002399464	0.03577439	0.11399694	-0.10516057	0.1005586	0.12224223	0.09843042	0.06589921	0.13652302	0.06171005	0.074917234	-0.0903118	-0.0624947	-0.097695924	-0.07395893	-0.053518545	-0.06736378	-0.018137164	-0.047609903	-0.10019789	0.034602705	-0.02889989	-0.018122198	-0.08763338	0.010185694	-0.06770356	-0.08266812	-0.09302448	0.025562277	-0.12856665	0.00013683285	-0.08327453	0.055831358	0.12846328	0.0036040053	0.09027366	0.095075555	0.04872624	0.026773972	-0.051308773	-0.053521488	-0.045579284	-0.095911115	-0.099774465	-0.08265755	0.08196368	-0.050544597	0.030609788	-0.051984757	0.017354628	0.012851361	-0.08101802	0.103495434	-0.08479461	0.04115831	-0.08853303	0.05516076	0.107378386	-0.08732293	0.044970047	-0.09528751	-0.06427623	0.10185836	-0.018546049	0.065550946	0.12207333	0.016828084	0.12027676	-0.05339164	-0.04571142	0.114539646	-0.1169861	0.12552305	0.117412694	0.06900569	-0.009364584	0.065194845	-0.0902097	0.12959024	-0.04447393	0.05086049	-0.029623378	0.09236346	-0.034454044	-0.07964828	-0.011177752	-0.0872098	-0.038080048	0.086745106	-0.028786352	-0.086074576	0.09571952	0.07449546	0.034224145	0.092674136	-0.09141449	0.102537684	0.0705706	-0.043888442	0.11327486	0.045496847	-0.10388713	-0.12427303	0.100572184	0.0735993	-0.007797182	0.03306597	0.0024700759	0.07658591	-0.11367396	-0.06336734	0.12705839	0.07657998	0.08776274	0.088352636	-0.054111	0.049095415	0.07318429	0.09049651	-0.07188945
-0.018289316	0.08956658	0.12754978	-0.10705224	0.053530604	0.10142436	0.1296321	0.012010394	0.07583346	-0.113290764	0.117022194	0.07760121	-0.10139767	0.07299183	0.023665098	0.093409106	0.09616981	-0.06920405	-0.062117085	-0.12806447	-0.115401246	0.10739375	0.12529358	-0.0075450432	-0.049358357	-0.04533851	-0.09152813	0.0879319	-0.07758729	-0.13317546	0.060734436	0.0624679	-0.06428903	-0.09214573	0.0241991	-0.13098021	-0.039230257	-0.11085394	0.012952262	0.06785494	-0.13102128	-0.11240501	0.08876402	-0.10766005	-0.09868203	-0.09789013	0.033274624	-0.12214024	-0.0751097	-0.12093996	0.09849441	0.1135989	0.02753214	0.011483031	-0.038221702	0.017559588	0.04976889	-0.110194914	-0.050333522	-0.07802182	0.052689992	-0.07774012	0.0039792154	-0.023080613	0.08004106	-0.03492818	0.08795337	-0.06032093	-0.053325918	-0.04137746	0.0192821	0.026540043	-0.043996815	-0.12250053	-0.0703444	0.09874801	0.06100167	-0.12547387	0.060928136	0.086153366	0.08529122	0.108481936	0.017675726	-0.044084515	0.10044695	1.2838717e-05	0.03225744	-0.0058587883	-0.04140889	0.057645373	-0.07012675	0.08064671	-0.049911533	-0.029920239	-0.048247986	0.06673817	0.010136657	0.08983563	0.09119702	0.12771651	-0.13138217	-0.028385121	-0.053192403	-0.018615862	-0.10597656	-0.13528761	-0.1114313	-0.007877868	-0.06681371	-0.05310571	-0.13471285	0.019079952	-0.10913087	-0.0916418	0.062298715	0.08223184	0.09166937	-0.06985227	-0.0034383705	0.069094874	0.06851856	-0.028120726	0.08057627	-0.060844496	0.047952678	0.055224184	0.08388208	0.009093714	0.12320826	-0.095301636	-0.04459612	0.11296894	0.004414349	-0.029805629	0.042464662	-0.04153669	-0.09370449	0.071566306	-0.12907697	-0.12190563	-0.11300201	0.07859254	0.12213232	0.03887744	-0.044309776	-0.046563644	0.12434702	-0.04135892	-0.12987559	0.12553413	-0.052863028	-0.12621188	0.026856257	-0.03899696	0.02766219	-0.12702371	-0.02053582	0.085978046	0.011280549	0.035484396	0.011889409	0.11108097	-0.116913825	-0.028230015	-0.12681514	-0.07206254	0.13517243	-0.0753268	-0.13490771	0.02656614	-0.055833258	0.027192673	-0.1298676	-0.10641696	-0.110022195	0.084194444	-0.026073774	0.028051216	0.065877065	0.029392606	-0.08295931	-0.13014708	-0.108762026	0.052647937	-0.04920027	0.019376379	0.093808174	0.06585084	0.12620719	0.056288626	0.016178416	0.12751678	0.00876611	0.079051375	0.13057518	0.12924254	-0.08435249	-0.06566062	-0.07425772	-0.025289452	0.041791584	-0.08421141	0.12621881	-0.03262103	0.059745383	0.088560484	0.11912489	0.0933454	-0.0372106	0.04717362	0.03650876	0.03547211	-0.09767483	0.009219235	0.024670918	0.048294827	-0.05931263	0.126289	0.07298843	-0.09177765	-0.02036166	0.10808175	-0.017194843	0.08026535	-0.078146435	-0.012347456	-0.107266314	-0.09353187	-0.079489894	-0.123259425	0.0069303033	0.03371789	0.10061846	0.021400886	-0.08576664	-0.07429008	-0.13709833	0.12854798	-0.07557167	0.030443285	0.03629906	0.09325185	0.09290546	0.10089259	-0.099125125	0.0108664185	-0.10975389	0.09558488	0.10508605	-0.029264122	0.018653516	-0.0051701767	-0.041400496	0.12612532	-0.12511484	0.034973267	-0.024603007	0.0446413	0.04243683	-0.07492874	0.12984991	-0.072430566	0.013408869	-0.012379405	-0.039083946	-0.039795324	-0.12818356	0.008902174	0.07430343	0.077090725	0.11973517	-0.070760146	-0.017777812	0.037705667	0.070761934	-0.05750097	-0.008131936	-0.11966711	-0.00897519	0.12369707	-0.05172942	-0.07596138	-0.107003555	0.056363367	-0.037207887	0.088402696	0.02243748	0.015661081	0.0124343475	0.0040207617	-0.08183563	-0.11589509	-0.10863501	0.099587984	-0.07632983	-0.036918305	-0.099992335	0.015851004	-0.123382345	0.02853269
0.0076093962	-0.09309545	-0.11410574	-0.11459877	0.020575017	-0.0012444671	0.070631735	0.113908105	0.11763522	-0.06109128	-0.032005515	-0.11899218	-0.018238407	-0.055995908	-0.071566366	-0.13179283	0.040582802	0.13601169	-0.06725378	0.015196848	0.08350928	0.082877085	-0.08954025	-0.046897568	-0.11789526	-0.09376142	0.014650566	-0.13652365	-0.026942115	-0.06727609	-0.0740221	0.067894116	0.057922427	-0.042809196	0.039967947	0.058052838	-0.0683116	-0.10982762	0.032522347	-0.11148877	0.061839953	0.11951441	-0.050078124	-0.01908177	0.056124076	-0.13173074	0.04270396	0.030677846	-0.012840304	-0.13247299	-0.06329586	0.12004535	-0.06937633	-0.022343012	0.017988052	0.03370497	-0.046186414	0.031146353	0.107394114	0.07732579	0.03498904	0.123675354	0.032362618	-0.124581404	0.097609885	-0.10461476	-0.13431537	0.07814539	0.027899446	0.04099266	0.098126456	-0.13527462	0.09028304	-0.048115414	0.11861805	0.009740815	-0.08135142	0.03668679	0.0994318	-0.0032115108	-0.06178852	0.05746352	-0.08040496	-0.031234171	-0.12631908	0.118193924	0.13608077	-0.113673225	-0.08818654	-0.07571108	0.103945814	0.12949567	-0.044914868	-0.07151293	-0.08128448	0.13348223	0.0154092135	0.020029198	0.017538717	-0.11392576	-0.13429847	-0.026639303	0.010925101	0.032068618	-0.09289258	-0.0042550256	-0.031234572	-0.00011440761	-0.041929577	0.0932145	0.01809266	0.12426193	-0.096970245	-0.066147305	0.05853289	-0.116079934	-0.10450314	0.10275689	0.032355603	0.04046672	0.07854119	0.11056506	0.029770425	-0.12130717	-0.12341136	0.02208837	0.13194887	-0.07366537	0.11069386	-0.019827446	0.1168079	-0.105447	-0.039364614	0.015610518	0.051024515	0.02637127	0.07232842	-0.049844358	-0.065596454	-0.12061988	-0.09022269	0.12704624	0.12121867	-0.05487006	-0.13557865	0.07949992	-0.07826717	-0.0653309	0.11460542	0.0016436509	0.07955541	-0.035760973	0.06366938	-0.022962514	0.064595886	-0.05500316	-0.08451896	0.06485278	0.0076310355	0.100470595	0.10450068	-0.12856244	0.08085112	-0.008460265	0.049591474	-0.035122566	-0.04241157	-0.10401858	0.13256168	-0.04399626	-0.09443119	-0.02531603	0.049469803	-0.07644595	0.046095427	-0.025649672	-0.019769458	-0.07134991	0.06829402	-0.07656845	0.06546393	-0.057745848	-0.004468303	-0.015486934	0.07029482	-0.08538789	0.027166188	-0.021923453	-0.0007217918	0.06414618	-0.049823187	-0.056673765	0.000645385	0.0052390597	0.11110044	0.084950864	0.064431556	-0.036649164	-0.11180328	0.10459814	-0.09168438	0.0807659	0.1349905	-0.009624577	0.12811218	-0.08594893	0.026697824	0.061663922	-0.025267465	0.0063332585	0.12471304	0.12059412	-0.12746572	-0.12543167	-0.08365409	0.108160205	-0.09177957	0.08343126	-0.09954137	0.11805222	0.12571964	0.023513842	0.05378861	-0.109650694	0.08138957	-0.09759909	0.09478437	0.11679634	-0.04583075	0.0723799	0.13079245	-0.055107303	0.108477846	0.043373454	0.022083126	-0.10833208	-0.06075909	0.11833418	-0.10488191	0.079159915	-0.10349038	-0.07303002	0.11728145	0.13705921	-0.004299253	-0.08845122	-0.116712034	0.1007649	-0.061870705	0.033283018	-0.06302534	0.06150357	0.08270874	-0.018044995	-0.09104265	0.027630704	0.041746106	0.13102844	0.09226008	-0.034533914	-0.10300973	-0.10202896	0.12769125	-0.11688674	0.04186747	0.10891747	0.036178876	0.08070073	0.08857908	0.04473169	0.007975535	-0.11117503	0.075447254	-0.005798074	-0.13693881	0.04217093	-0.13564034	-0.009491773	0.1323816	0.13518961	-0.10764773	-0.0015682566	0.083796754	0.10505566	-0.13423394	-0.11555381	-0.10789846	0.0044439887	0.09159459	0.015774982	0.11473943	-0.08108504	0.09781205	0.0037268002	0.10520284	-0.0632199	0.09063189	-0.0315721	0.040522497	0.02728968
0.0788116	0.052691475	-0.021089636	-0.019680105	0.0658422	-0.07224347	-0.10564157	-0.0008549541	-0.11399357	0.10929309	-0.0072719157	-0.005159557	0.065635934	-0.043475002	0.084862754	0.07069419	-0.103675306	0.056964114	-0.11097984	-0.11361364	0.06221333	-0.11878633	-0.1278945	0.08551398	9.293854e-05	0.071596995	-0.07816887	-0.072318695	-0.109322436	0.09616661	0.041707426	0.11256927	-0.020764306	0.12594362	0.07414706	0.017312527	0.012169838	0.061534047	-0.032486625	0.096458435	-0.06407481	0.10668805	0.030891076	0.08141874	-0.105487816	-0.022269301	0.04355845	0.018795744	0.023477554	-0.065023	-0.011325523	0.12789233	0.11800106	-0.11354674	0.0013839155	0.013185129	-0.064249754	-0.01543963	0.028807074	-0.015092321	-0.021976322	0.028300181	0.1321022	-0.078916505	0.049592644	0.117362544	-0.03751106	0.08447033	-0.11145088	0.093087	0.03106694	0.08730282	0.111735865	0.01694201	0.08811042	-0.04455036	-0.1315624	0.091499284	0.10856517	0.13039239	0.12896554	-0.08851366	0.07047963	0.12321226	-0.10862392	0.12877129	0.110098496	0.056980297	-0.027385302	-0.10983905	0.06743869	-0.006493002	0.076012745	0.01677312	-0.023118787	0.114680156	0.012644902	-0.03499814	0.04355377	-0.06928467	0.09625739	-0.04269249	0.08399998	0.11560871	0.004241854	0.0431502	-0.12493334	-0.048042513	0.07213707	-0.01304169	0.027212545	-0.11084868	0.055510074	-0.13614671	-0.028071955	0.09491654	0.05307743	-0.01977171	-0.047321573	-0.032725796	0.032373473	0.02424264	-0.065552525	-0.008744225	-0.00745295	-0.008127227	0.010619029	0.11075525	-0.031344593	-0.018071398	0.05911371	0.046414256	-0.035318784	0.0042966455	-0.10722553	-0.10278469	-0.04986187	-0.12877189	-0.07024887	-0.046414874	-0.075788945	-0.04662683	-0.08010209	0.012018576	0.080486074	-0.079964474	-0.10995813	-0.06998003	-0.08656153	-0.09932734	0.057927042	-0.13386476	0.025358811	0.05846174	-0.032307655	-0.031873196	0.05875501	-0.026390702	-0.11608844	0.05276932	-0.00080278516	0.087963	-0.034161292	0.093645796	0.0285611	-0.060536638	-0.08784665	-0.106099546	-0.08608928	0.10655597	-0.07765827	0.0071057826	0.057021722	-0.026249327	0.06402473	-0.068032496	0.05380194	0.07545133	0.07900411	-0.09320123	0.10610832	-0.08871195	0.00091187656	-0.046406098	-0.05275701	0.090403914	0.076613665	-0.08217765	-0.024140596	0.04321164	0.116208956	0.12325354	-0.0725953	-0.09350903	0.11449219	0.021367908	-0.016472511	-0.07327475	-0.11194166	-0.07000699	-0.036337882	-0.12555875	-0.057614416	0.059191167	-0.13441819	-0.07115652	-0.12531723	0.029665604	0.0022658855	0.0928361	-0.0017141253	-0.031533226	-0.057832792	-0.032991685	0.07284452	-0.073108606	-0.06016566	0.040753573	0.030128673	-0.026467435	0.010665178	-0.13144092	0.045795888	0.13254537	0.018486008	0.027902707	-0.03773631	-0.04263112	0.079685256	-0.09205058	-0.0071861744	0.023925796	0.11214663	0.047066912	0.051147744	-0.030481547	-0.08095482	-0.12804174	0.09708163	-0.13062665	-0.05093962	0.09484996	0.032429323	-0.077885814	-0.033339977	0.12570001	-0.11129885	0.019818053	-0.108789966	-0.088750884	0.0067918748	-0.050065964	-0.03431034	-0.03893795	0.04799199	-0.12368052	0.11652197	-0.0018880963	-0.066313915	-0.0208375	0.09029472	-0.08878191	0.117127195	-0.030655645	-0.10001089	-0.08061547	0.093522236	0.0121142715	0.027408853	-0.016134046	0.018522024	-0.046282172	0.121107504	0.13518737	0.13446356	0.11121862	0.054654375	-0.04983796	0.020238653	0.022687078	-0.059330843	-0.12123981	-0.0015692413	-0.06302054	0.009197548	-0.041066	-0.071721576	-0.09567782	-0.050950095	0.10075511	0.010146454	-0.117543034	0.094896525	-0.008990079	0.063920066	-0.12840961	-0.018192634	0.023410678	-0.052717313	-0.029864028
-0.00096808904	0.10515893	-0.11204477	0.07703599	-0.13106018	-0.05075882	-0.0023395068	-0.078521736	-0.07793445	-0.085245125	-0.04177916	-0.044525366	-0.10933038	0.08701754	-0.0147441095	-0.031876434	0.12588081	-0.08057943	0.08422015	0.05240595	0.01032069	0.019952942	0.025837649	-0.02865658	-0.07038703	-0.108531326	-0.013209916	0.09233894	-0.080324896	-0.043434553	-0.07556868	0.09917016	0.11962406	0.121772625	-0.08668007	0.12923619	-0.011035704	-0.11405427	-0.041463755	-0.014657587	0.097046636	0.12597978	-0.023370508	-0.01700447	0.035984445	0.08668495	0.0863533	0.012668667	0.04643324	-0.024979237	0.052526847	-0.011422112	-0.12771815	-0.018032322	-0.11796368	-0.062598765	0.060980316	-0.07058597	0.13485327	0.022490568	-0.11375816	-0.07190467	0.06241695	0.105205745	-0.10549686	-0.053138245	-0.011780855	-0.059080303	0.03308634	0.12774217	0.07882852	-0.06645513	-0.019611139	-0.020599416	-0.116369896	-0.073250614	-0.01135508	-0.05632968	0.030031882	-0.03605295	0.12982309	-0.111842126	0.071863964	-0.10436663	-0.07282899	0.0045564193	-0.031873435	-0.07741083	0.1307268	0.11846829	-0.11733034	0.05102014	0.052970607	-0.06806702	0.052927267	0.04916643	-0.050037954	0.05220964	0.09134385	-0.10338817	0.023287559	0.011924041	0.019136483	0.06518137	0.06473162	0.024666788	-0.12850112	0.1295526	-0.039104078	-0.0966223	0.0709817	-0.082516395	-0.09066929	-0.12299942	0.062264968	-0.010543087	0.08787526	-0.08295661	0.0932922	0.08647139	0.025549578	0.099262424	-0.02539525	-0.044097424	0.12909393	0.0498054	0.106805496	-0.077559	-0.1301727	0.13295177	-0.12849385	-0.09841164	-0.05910142	-0.06943306	-0.09476515	0.0027130751	-0.009335334	0.12935919	0.014255853	0.020808589	0.11331632	-0.007282984	-0.10901976	0.103182204	-0.072406	-0.008478755	-0.1264356	0.13546234	-0.03582781	-0.07332519	-0.053449165	0.09559607	-0.12326926	0.037567187	0.04361215	0.13673724	0.11328642	-0.12192312	0.13356848	0.010705226	-0.10652122	0.02975837	-0.02236584	0.02061608	-0.106356055	-0.033479467	0.013104828	0.08862777	-0.06995015	0.0265996	-0.039061405	0.0066876276	0.09633209	0.01576194	-0.038481224	-0.014566735	-0.066614576	-0.00439874	-0.08804874	0.06093546	-0.13406757	-0.06739955	-0.024914846	-0.10902039	-0.074719936	0.07580304	-0.025534147	0.06333226	-0.05241127	-0.122049846	0.10000519	0.09783239	-0.0032686128	0.09246154	-0.12576227	0.054645017	0.13506733	0.027848221	0.0055392785	-0.07167059	-0.030964239	-0.05020103	0.034978256	0.06633822	0.055830177	-0.05292254	-0.13401228	0.035848033	0.103876054	-0.088788435	0.09529124	0.06695528	0.12319558	0.0004186243	-0.06410088	0.096189596	-0.10166413	-0.05411867	-0.052683663	-0.035778377	-0.078390576	-0.12620793	0.096301444	-0.12194119	-0.055432178	-0.06839899	-0.038326617	-0.02550084	0.013578387	0.059350595	-0.012429337	-0.0624845	-0.10426213	-0.06849809	-0.065338075	-0.12095282	0.025298405	-0.10013397	0.035947267	0.11215612	-0.0009035181	-0.051634695	-0.03068556	0.07944644	-0.0803244	0.06521925	-0.04985338	0.11305017	-0.005372528	0.120004214	0.046111304	0.12102324	-0.02490935	0.13698776	0.030402388	0.02143713	0.06367727	-0.009649779	0.12687252	0.063613474	-0.07508795	-0.0051802816	0.11282059	0.07828283	-0.0732394	-0.12068412	0.063858286	0.07424152	-0.071945205	-0.12064684	-0.076628566	-0.045193247	0.010499748	0.03486499	-0.13253659	-0.09585319	-0.13028029	0.07792247	0.05706233	-0.01972816	-0.022453252	-0.017565018	0.10781613	-0.08113645	-0.027687762	0.03875198	0.012298458	0.07841898	0.07225736	-0.0825207	-0.1055368	-0.04215428	-0.02581115	-0.016809912	0.01007596	-0.0028728999	-0.09841755	-0.06637116	0.000600519	-0.11271121
0.047101818	0.08949775	0.0801605	-0.027160298	-0.035108387	-0.02409587	-0.045126032	-0.076491036	-0.038384706	-0.00471781	0.077927455	0.13314815	0.11973038	0.023038656	0.10207256	-0.13564113	0.08059652	-0.11460721	-0.10721007	-0.07252499	0.03073672	0.10345415	0.065839685	0.051277142	0.11880349	0.12615007	0.080675095	0.011457881	-0.018030893	-0.036798716	-0.06145649	-0.036035728	0.06263975	0.10353206	-0.08338342	-0.07278684	0.09949014	0.068021014	0.047982745	-0.13013369	-0.1260562	-0.070580944	0.10299935	-0.07815838	-0.012812928	0.0744588	0.13032578	0.12969483	0.005040181	-0.07997104	0.028986104	-0.007841236	0.05979909	-0.036226295	0.081735656	0.0042650416	-0.120936304	-0.12576339	-0.13594033	0.122644834	-0.11997769	0.027063917	-0.022426309	0.018228272	-0.04388534	-0.026529366	-0.049038164	-0.038519032	-0.007346399	-0.08200814	-0.11922417	0.014499702	-0.086899966	0.052873276	-0.044649642	0.048960015	0.11608678	0.088996604	-0.033033352	0.01285919	-0.039995376	0.053290047	-0.09580114	-0.069162615	0.01564653	0.07783064	0.09027751	0.034367744	0.06272681	0.13448794	0.011744387	0.077339984	0.020932587	0.008776798	0.045046903	0.07343654	-0.11464866	-0.1264271	-0.13201138	0.043421358	-0.0686697	0.13270922	-0.02512508	0.019294303	-0.0011193121	-0.01901988	-0.09929781	-0.117384404	0.07505265	0.091452755	0.10682826	0.023580013	-0.04822651	0.012961106	-0.02882606	0.05690416	0.114071876	0.008815398	-0.09377455	-0.03969314	0.0015784717	0.10632217	-0.008046006	0.050439972	0.01364684	-0.019094892	0.08288846	0.12999946	-0.07955513	0.06418883	-0.13528022	-0.024327664	-0.04883522	-0.09605168	-0.04350779	0.04610346	0.03567833	0.03932136	-0.12506247	0.07332342	-0.07222026	-0.113363475	-0.13397814	0.014828065	-0.06320548	0.0056415154	0.1081054	-0.08339452	0.032548226	0.088429384	0.09206028	0.03723322	-0.13409904	-0.11305505	0.10939615	0.038432572	0.045475967	-0.03904531	-0.0650038	-0.11203736	-0.024884462	0.007957707	-0.112546906	0.042903442	0.11657794	-0.035469	-0.05879861	-0.0838593	0.10812078	0.12272893	-0.13304324	0.053613447	-0.002354128	-0.038455483	0.0045911996	0.01000084	0.10928929	-0.026833571	-0.1255833	-0.123826206	-0.12857625	-0.05538664	-0.061195593	0.12271611	-0.08836398	-0.10978796	-0.10624535	0.085877396	-0.008172959	-0.120220594	0.08170506	-0.03617731	-0.11517171	-0.13476604	-0.009283838	-0.050642334	-0.10827793	0.079263106	-0.10812378	0.108022965	-0.063237965	-0.13366565	0.087338276	-0.06503843	0.04714073	0.08404119	0.11977092	-0.08183597	0.03904019	-0.02953842	-0.03805354	0.08925682	0.071091294	0.040723536	-0.037068024	-0.08116144	0.058517702	0.07977009	-0.025273373	0.08821256	-0.11129378	0.072944626	0.09353412	0.070626974	0.027537229	-0.0016223642	-0.03633809	0.12078467	0.12597774	0.12855744	-0.11759686	-0.06325268	-0.03731925	-0.06336482	-0.09982221	-0.023588091	-0.09715985	0.0583601	-0.10015999	-0.024469854	0.11819978	-0.038678445	-0.044655487	0.087514624	-0.047728576	0.044923216	-0.08625093	-0.101061404	0.08299299	0.06540547	-0.040536217	-0.02721114	-0.082548186	0.01013561	0.1352791	0.010218437	-0.0023610457	0.06267798	-0.05491149	0.0044657392	0.029265791	-0.016358996	0.109819196	-0.01717921	0.0704176	0.098273635	-0.007976226	0.05471874	-0.093530856	-0.10562982	0.12213515	0.06736579	-0.009646493	-0.017818136	0.035936948	-0.13160379	-0.1283659	-0.06279531	-0.109381706	0.11903206	0.0746809	-0.08234829	-0.10825449	0.062853426	0.087350644	0.05135708	0.11365889	-0.045159183	0.02481213	0.13312322	0.06884244	-0.022478316	0.039928395	-0.029050224	0.04528171	0.040900946	0.059120234	0.066498004	-0.032762077	0.07355398
0.1047775	-0.12672696	-0.016863674	-0.09710705	-0.09068948	0.11308549	-0.12480713	-0.07995796	-0.09777966	-0.027164089	-0.10743805	0.026336836	0.09225058	-0.049932856	-0.1188187	0.09071773	0.01692585	0.085737824	-0.06924197	-0.028294625	0.09450698	0.07209945	-0.05567026	-0.13178436	-0.0016701376	0.0055442546	-0.13506019	-0.11378905	0.010907989	0.06297885	-0.007080513	-0.12089307	0.046641365	-0.082756825	0.10665349	-0.07770139	-0.00014775868	-0.10249777	-0.09269353	0.017116744	0.12531495	0.12341881	0.022372888	-0.102294326	-0.07256034	-0.09817856	0.040517118	-0.10153767	-0.026678165	-0.021919498	-0.09151453	-0.0015357635	-0.013750366	-0.017908761	0.014536192	-0.07157855	0.122804105	0.04075883	-0.014888842	-0.025887769	-0.00913022	0.095719606	-0.06237002	0.046559155	0.086483344	0.04853983	-0.07992804	-0.10041551	-0.12777473	-0.08864864	-0.024047798	0.018577157	-0.07243393	0.005924035	-0.0012961737	0.086041264	0.0022034964	0.104373634	0.038513973	0.089542225	0.036657523	-0.1000975	-0.046072464	0.106043965	-0.072179325	-0.031742487	-0.07437232	-0.118582964	0.010243239	0.080784686	0.12067519	0.10000799	-0.09519261	-0.0568651	0.039712258	0.010088262	-0.056729943	-0.11653556	-0.049954366	-0.032869015	0.020996325	0.1263538	0.105277404	0.027797678	0.08303763	0.038857203	-0.11952789	-0.09592798	0.1341019	0.05472838	-0.050973702	0.11832354	-0.02160688	-0.056780662	0.00085513137	-0.0007539616	-0.07643345	-0.03755303	0.01325131	0.035020333	0.06535743	0.044017836	-0.041421864	-0.089394405	-0.09938164	0.08022765	-0.075557016	-0.07240009	-0.10581585	-0.08842263	-0.09041887	-0.12066145	-0.09402927	-0.049532756	-0.074260674	0.12925124	-0.107140556	-0.0742952	-0.0051852884	0.018974336	-0.13342704	0.0501327	0.08631165	-0.13555095	-0.017867714	-0.0069876323	-0.10947676	-0.10585255	-0.03560492	-0.096103795	-0.03191253	-0.08097552	-0.12423696	-0.083726786	-0.014299	0.08655517	-0.037382722	0.05781706	-0.07946834	-0.09324218	0.07905172	0.08135179	-0.03763932	-0.13685267	0.037929356	-0.13715236	0.070184566	0.09638071	0.078425296	0.13546936	-0.013485841	-0.008911146	-0.06624095	-0.003791427	0.097798966	0.035713423	-0.089549266	-0.12174631	0.023152528	-0.13053209	0.105408795	-0.10177128	0.00927029	-0.03212037	0.079532176	0.00014158049	0.011549087	-0.088706076	-0.04363513	0.08983059	-0.085054375	-0.11799639	0.069851406	0.07595406	-0.12008124	-0.10208424	-0.10826789	-0.08074832	-0.032409545	-0.10069182	0.0052207904	-0.12202384	0.09703007	0.046256118	-0.124410376	-0.12263481	0.10214202	0.09958612	-0.10414119	-0.056518104	-0.007343071	0.075634785	0.083526775	0.034537528	-0.04732188	-0.084834345	0.062293988	-0.09197929	-0.0154628465	-0.085706994	-0.048680592	0.040205397	0.006805738	-0.112239145	-0.13131125	-0.052547026	0.10226493	0.13640074	-0.11724055	0.07872792	0.053635564	0.002876803	-0.024572289	0.032473627	-0.051821478	-0.062173385	0.106039025	0.046687488	0.08523724	0.015483742	0.004759994	0.08287475	0.024334231	0.00072788156	-0.076923355	-0.09226815	0.034068584	0.12200552	-0.004585341	0.0652638	0.08716227	0.09751822	0.036919847	-0.034680467	0.104336895	0.08549909	-0.055124328	0.050646577	0.09981182	0.11139764	0.033224303	0.031079162	-0.06938647	0.07993496	0.10258499	0.12911019	-0.097374074	0.13560733	-0.02473525	0.0009016503	0.11910378	-0.050530016	-0.034819584	-0.06960498	-0.11059554	0.09498255	-0.0038452458	-0.11059657	-0.019795138	-0.04472152	-0.03376343	-0.06770591	-0.071408994	-0.0023314958	-0.04219735	0.07342753	-0.09203292	0.017597776	0.023348454	-0.113283075	-0.052744254	-0.0024052109	0.045079596	-0.004665927	-0.0077597015	-0.09959925	-0.13045113	-0.10286254	-0.039059244	0.063741304
